{"credit":"SlimyCat","ambientocclusion":false,"textures":{"line":"block/redstone_dust_line0","overlay":"block/redstone_dust_overlay","particle":"block/redstone_dust_dot"},"elements":[{"from":[6,0,0],"to":[10,16,0.25],"shade":false,"faces":{"north":{"uv":[6,0,10,16],"texture":"#line","cullface":"north","tintindex":0},"east":{"uv":[9.75,0,10,16],"texture":"#line","cullface":"north","tintindex":0},"south":{"uv":[6,0,10,16],"texture":"#line","cullface":"north","tintindex":0},"west":{"uv":[6,0,6.25,16],"texture":"#line","cullface":"north","tintindex":0},"up":{"uv":[6,0,10,0.25],"texture":"#line","cullface":"north","tintindex":0},"down":{"uv":[6,15.75,10,16],"texture":"#line","cullface":"north","tintindex":0}}},{"from":[0,0,0.25],"to":[16,16,0.25],"shade":false,"faces":{"south":{"uv":[0,0,16,16],"texture":"#overlay"}}}]}